translation,category,macrocategory,subcategory,z1641,z1644,z1645,z1646,z1648,z1656,z1657,z1659,z1662,z1663,z1664,z1665,z1668,z1670,z1671,z1672,z1673,z1674,z1675,z1676,z1677,z1678,z1679,z1680,z1681,z1682,z1683,z1684,z1685,z1686,z1687,z1688,mean,max,min,1640,1641,1642,1643,1644,1645,1646,1647,1648,1649,1650,1651,1652,1653,1654,1655,1656,1657,1658,1659,1660,1661,1662,1663,1664,1665,1666,1667,1668,1669,1670,1671,1672,1673,1674,1675,1676,1677,1678,1679,1680,1681,1682,1683,1684,1685,1686,1687,1688
almonds,Nuts,Flavoring/Other,,0.664877023894889,-0.0980693610244961,1.00396430608128,0.77790611795702,-0.74798665188175,-1.34138939570794,-0.0415548139934305,-0.267613002117693,,0.551847929832758,0.0997315535842334,,-1.11533120758368,-0.295870275633226,0.862677938503619,0.523590656317225,2.21902706724919,-1.34138939570794,,,,,-1.45441848977007,,,,,,,,,,52.4375,132,2,,491,,,250.5,571.5,636.75,,27,,,,,,,,188,52,,44,,,,588,414,,,,14,,43,84,72,132,6,,,,,2,,,,,,,,,
apples,Fruit,Fruits and Vegetables,,,,,,,,,,,,,,-0.61569049766011,,,1.15383219217982,,,,,,,-0.538141694519714,,,,,,,,,,42.2222222222222,288,1,,,,,,,,,,,,,,,,,,,,,,,,,,,,,480,,,,288,,,,,,,48,,,,,,,,,
Atlantic herring,Fish,Meat,,,,,,,,,,,,,,,,,,,,,,,,,,,,,,,,,,1.14285714285714,2,1,,,,,,,0,,,,,,,,,,,,,,,,,,,,,,,,,,,,,,,,,,,,,,,,,,
aurochs,Meat,Meat,game,,,-0.707106781186548,0.707106781186548,,,,,,,,,,,,,,,,,,,,,,,,,,,,,4.85714285714286,26,1,,,,,,0.5,2,,,,,,,,,,,,,,,,,,,,,,,,,,,,,,,,,,,,,,,,,,
bacon,Meat,Meat,pork,1.22335694812188,0.865155645703109,1.82035911881982,1.54175810582745,-0.925850866390734,,,-0.0203975741655132,-0.866150649320939,1.82035911881982,-0.408448985119179,,-0.129847972126804,-0.657199889576657,-0.886050721677537,-0.428349057475777,-0.448249129832376,,,-0.955700974925631,,,0.785555356276716,,0.467154198571144,-0.925850866390734,-0.945750938747332,,,,-0.925850866390734,,21.8625,71,0.25,,275.87,,,231.87,365.87,476.75,,1,,,,,,,,,,,23.75,,,2.5,546,121.25,,,,19,,7.75,2,13.5,13,,,0.25,,,44,,36,1,0.5,,,,1,
barley groats,Grain,Grain,,-0.398820215156317,-0.453829900005464,-0.550096848491472,-0.30255326667031,,,,2.8146622081147,-0.357562951519457,-0.375899513135839,-0.288800845458023,,-0.348394670711266,-0.563849269703759,,,,,,,,,-0.357562951519457,,1.18270822425666,,,,,,,,123.333333333333,740,1,,2,,,149.5,"1,431.5",452,,,,,,,,,,,,,740,,,48,2842,453,,,,9,,3,,,,,,,,,48,,384,,,,,,,
beef,Meat,Meat,Beef,1.26114141518666,0.0450407648280949,-0.360326118624759,1.17427708301819,,,,-0.968376443804039,,1.29009619257615,-0.360326118624759,-1.05524077597251,-1.02628599858302,,,,,,,,,,,,,,,,,,,,28.3333333333333,82,0,,5.25,,,2,14.5,6,,,,,,,,,,,,,3,,,,7,18,0,,,0,,,,,,,,,,,,,,,,,,,,
beer vinegar,Acid,Flavoring/Other,,1.92161032463818,0.967003905301794,1.40339541128414,-0.805836587751495,-0.805836587751495,,,-0.996757871618772,,-0.669464242132011,-0.26034720527356,,0.203318769832685,,,-0.696738711255908,-0.26034720527356,,,,,,,,,,,,,,,,27.4545454545455,89,0,,8438,,,4352,5518,10848,,7,,,,,,,,,,,0,,,,12053,1920,,,,63.5,,,,11,27,,,,,,,,,,,,,,,
Big sheep cheese,Dairy,Dairy,,0.124328656542649,0.72266031615415,-0.854759513730715,1.40258265662176,,,,-1.07233466268035,,0.72266031615415,,,-1.04513776906165,,,,,,,,,,,,,,,,,,,,29.875,92,0,,22,,,4,10,8,,,,,,,,,,,,,0,,,,5,,,,,0,,,,,,,,,,,,,,,,,,,,
black grouse,Meat,Meat,"bird, fowl, wild",0.126908154902639,1.47875589190901,-0.562810078263878,-0.176567867690628,,,,-1.11458466479709,,1.36840097460237,0.982158764029121,,,-1.11458466479709,-1.05940720614377,,,,,,,,0.0717306962493178,,,,,,,,,,33.2727272727273,95,0,,228,,,74,122,287,,,,,,,,,,,,,0,,,,853,69,,,,,,0,2,,,,,,,,43,,,,,,,,,
boar bacon,Meat,Meat,"pork, wild",1.13622163750191,,0.54341034837048,-0.800295240327434,,,,-0.879336745544959,,,,,,,,,,,,,,,,,,,,,,,,,5.625,37,0,,25.12,,,,2,0.5,,,,,,,,,,,,,0,,,,,,,,,,,,,,,,,,,,,,,,,,,,,
Brandenburg hard cheese,Dairy,Dairy,,-0.647584272172721,-0.604835442747026,-0.641131618674503,-0.601609115997917,,,,-0.672588304478315,,-0.652423762296384,-0.64193820036178,,-0.65645667073277,,-0.569345848506828,3.48937320187229,2.37629047342968,0.585679127674192,0.295309720254382,-0.575798502005045,0.00494031283457314,0.00494031283457314,-0.62419340324168,0.101730115307843,,0.101730115307843,-0.575798502005045,0.101730115307843,0.101730115307843,0.101730115307843,,0.198519917781113,832.875,5160,0,,17195,,,5635,21785,7493,,,,,,,,,,,,,0,,,,15700,2640,,,,1800,,,128,5160,3780,1560,1200,120,840,840,60,960,,960,120,960,960,960,,1080
brined/pickled castrated ram (wether),Meat,Meat,,,,,,,,,,,,,,,,,,,,,,,,,,,,,,,,,,9,57,1,,,,,,,,,,,,,,,,,,,,,,,,,40,,,,,,,,,,,,,,,,,,,,,,,,
brined/pickled goose,Meat,Meat,preserved,0.12176624377023,,0.933541202238429,,,,,-1.05530744600866,,,,,,,,,,,,,,,,,,,,,,,,,13.125,99,0,,288,,,,7,,,,,,,,,,,,,,0,,,,,,,,,,,,,,,,,,,,,,,,,,,,,
brined/pickled lamb,Meat,Meat,other,0.722794064063107,0.418459721299693,,,,,,-1.1412537853628,,,,,,,,,,,,,,,,,,,,,,,,,11.125,83,0,,7,,,55.5,,,,,,,,,,,,,,,0,,,,,,,,,,,,,,,,,,,,,,,,,,,,,
brined/pickled sheep,Meat,Meat,other,-0.446265907222584,0.35063749853203,-0.499392800939558,1.57255605402244,,,,-0.977534844392326,,,,,,,,,,,,,,,,,,,,,,,,,11.125,49,0,,11,,,143,10.25,38,,,,,,,,,,,,,0,,,,,,,,,,,,,,,,,,,,,,,,,,,,,
buckwheat groats,Grain,Grain,,-0.0207061491043359,0.253922775858434,0.580861972242685,-0.661506974017466,,,,-0.713817245438947,,-0.635351838306726,-0.491498591897656,,-0.700739677583577,-0.674584541872837,-0.674584541872837,,,,,,,,1.31320577214341,,2.42479903984986,,,,,,,,50.75,240,0,,261.5,,,455.5,753,"1,470.5",,,,,,,,,,,,,0,,,,1061,144,,,,0,,3,3,,,,,,,,155,,240,,,,,,,
burpot,Fish,Meat,,0.919853075672592,,,0.810019872607208,,,,-0.892394774906246,,,,,-0.837478173373554,,,,,,,,,,,,,,,,,,,,4.875,32,0,,1798,,,,,240,,,,,,,,,,,,,0,,,,,,,,,0,,,,,,,,,,,,,,,,,,,,
bustard,Meat,Meat,"bird, wild",,,,0.694628711647188,,,,-1.14613737421786,,0.451508662570672,,,,,,,,,,,,,,,,,,,,,,,13.25,54,0,,,,,,,4,,,,,,,,,,,,,0,,,,3,,,,,,,,,,,,,,,,,,,,,,,,,
butter,Dairy,Dairy,,-0.355953952111059,-0.400622198122041,-0.360655872743794,-0.371235194167447,-0.253687178349074,,,,0.355211543590101,-0.441764003658472,-0.37828807511655,,-0.446465924291207,-0.049741370904196,-0.444114963974839,0.113062631004251,-0.15494684506164,,-0.422956321127532,,,,0.846562249710902,,3.89340681972314,-0.394744797331122,,,,,-0.394744797331122,-0.338321749738303,402.657894736842,3720,1,,"8,619.5",,,"4,828.5",7978,"8,099.5",,192,,,,,,,,,,,,,,710,19020,9320,,,,340.5,,365.5,30,504,276,,48,,,,1128,,3720,72,,,,,72,120
calf trunk,Meat,Meat,Beef,,,,,,,,,,,,,,0.707106781186548,-0.707106781186548,,,,,,,,,,,,,,,,,,2.88888888888889,15,1,,,,,,,,,,,,,,,,,,,,,,,,,,,,,,,15,4,,,,,,,,,,,,,,,,,
candied lemon peel,Fruit,Fruits and Vegetables,,-0.413846287263832,,-0.812734274988008,-0.812734274988008,,-0.413846287263832,,-0.912456271919052,,,-0.61329028112592,,2.07920363601227,0.0847636973913873,,1.18170566363287,0.633234680512129,,,,,,,,,,,,,,,,8.5,31,0,,1.5,,,,0,0,,,,,,,,,,173.75,,,0,,,,,100,,,,4,,10,,21,15.5,,,,,,,,,,,,,,,
capercaillie,Meat,Meat,"bird, fowl, wild",-0.316047219175962,-0.113776998903346,0.695303882187116,1.04927676766419,,,,-1.42853343067535,,0.897574102459732,0.644736327118962,,,-1.42853343067535,,,,,,,,,,,,,,,,,,,46.1111111111111,99,0,,22,,,26,51,94,,,,,,,,,,,,,0,,,,86,8,,,,,,0,,,,,,,,,,,,,,,,,,
capon,Meat,Meat,"bird, fowl",1.14676327806783,0.798221928967159,1.14676327806783,0.907141100561119,,,,-1.16232315972411,-0.900917147898607,0.318977573953738,-0.35632128992881,-0.988052485173774,-1.14053932540532,-0.726646473348272,-0.791997976304647,,,,,,,,-0.00777994082813989,,1.756710638994,,,,,,,,46.2857142857143,134,0,,842,,,609,858,871,,,,,,,,,,,,,0,,,12,515,250,8,,,0,,20,17,,,,,,,,53,,134,,,,,,,
caraway,Spice,Flavoring/Other,,,,,,,-0.541167367084259,,-0.612792459786587,,1.15395982687085,,,,,,,,,,,,,,,,,,,,,,,10.5,75,0,,,,,,,,,,,,,,,,,11,,,0,,,,590,,,,,,,,,,,,,,,,,,,,,,,,,
carp,Fish,Meat,,-0.933318475971066,0,0.829616423085392,2.07404105771348,,,,0.553077615390261,-1.24442463462809,-0.725914370199718,0.414808211542696,,-0.241971456733239,,-0.725914370199718,,,,,,,,,,,,,,,,,,35.8,97,0,,10825,,,1809,3077,9142,,,,,,,,,,,,,52,,,0,12925,3598,,,,36,,,15,,,,,,,,,,,,,,,,,
carp (type unknown),Fish,Meat,,,,,,,,,,,,,,,1.33411989907548,-0.701576890368212,,,,,,,,0.197469010332471,,,-0.830012019039738,,,,,,,1,1,1,,,,,,,,,,,,,,,,,,,,,,,,,,,,,,,,,,,,,,,,,,,,,,,,,
chameleon loach,Fish,Meat,,,-0.762556395082015,,-0.390145132367543,,,,-0.886693482653506,,2.03052807527653,-0.328076588581797,,0.478814480632893,,,,,,,,,,-0.141870957224561,,,,,,,,,,250.727272727273,1311,1,,,,,,,,,,,,,,,,,,,,,,,,,,,,,,,1311,360,,,,,,,,780,,,300,,,,,,
cherry sauce,Fruit,Fruits and Vegetables,,,,0.707106781186548,,,-0.707106781186548,,,,,,,,,,,,,,,,,,,,,,,,,,,11.8888888888889,48,0,,,,,0.875,,11,,,,,,,,,,,,,0,,,,31,111,,,,2,,,,,,,,,,,12,,,,,,,,,
cherry sauce or marmalade,Fruit,Fruits and Vegetables,,-0.388636187290597,-0.388636187290597,-0.388636187290597,-0.388636187290597,,,,,,,,,,-0.340344116680523,-0.372538830420573,,,,,,,,2.26742769626349,,,,,,,,,,15.2857142857143,93,1,,,,,,60.5,,,,,,,,,,,200,,,,,,,,,,,,,,,,,,,,,,,,,,,,,,,,
chestnuts,Nuts,Flavoring/Other,,0.779741897884596,0.531642203103133,1.52404098222898,1.13417003328668,,0,-0.443035169252611,-0.829361836840888,,2.16201162595274,0.708856270804178,,-0.708856270804178,-0.822273274132846,-0.825817555486867,-0.811640430070784,-0.822273274132846,-0.779741897884596,,,,,-0.7974633046547,,,,,,,,,,18.2,166,1,,0,,,0,0,0,,,,,,,,,,,,,,,,,,,,,,,,4,2,,,,,,,,166,,,,,,,,,
cinnamon,Spice,Flavoring/Other,,0.581358605654137,-0.741733393420795,0.0989813143247346,-0.162880643825512,,,,-0.976030934923648,,-0.727951185097098,0.0162880643825513,,-0.603911310183823,0.774309522185898,-0.727951185097098,,,,,,,,2.46952114600065,,,,,,,,,,23,86,0.6,,23.2,,,20.14,35.203,41.6,,,,,,,,,,83.25,11.5,,0.6,,,,74.34,31.8125,,,,0.5,,0.8,0.7,1.1,0.8,2,,,,,1.5,,,,,,,,,
citrons,Fruit,Fruits and Vegetables,Citrus,0.304753498213568,-0.311437967396882,0.920944963824019,0.356102787014439,-0.65804566680276,0.253404209412698,-0.106040812193398,-0.645208344602542,,3.23166295986321,0.920944963824019,,-0.516835122600365,-0.653218833655478,-0.651627005702651,-0.641999014052488,-0.651627005702651,-0.568184411401236,,,,,-0.583589198041497,,,,,,,,,,61.1818181818182,250,0,,990,,,132,462,447,,,,,,,,,,,,,0,,,,13140,638,,,,30,,127,18,,,,,,,,250,,,,,,,,,
cloves,Spice,Flavoring/Other,,0.796208051458502,0.150860472907927,1.16497809634455,0.704015540236991,,,,-1.27812345102549,,0.51963051779397,0.796208051458502,,-1.32421970663625,0.381341750961704,-1.73908600713304,,,,,,,,-0.171813316367361,,,,,,,,,,13.13165625,77,0.25,,13,,,10.484,17.328,18.2,,0.25,,,,,,,,52.125,11,,0.5,,,,60.7,20.5625,,,,0.375,,0.344,0.375,0.5625,0.375,2,,,,,1.7,,,,,,,,,
coarse salt,Salt,Flavoring/Other,,-0.805341456544341,0.39732554161369,-0.661021416765377,-0.661021416765377,,,,-0.933625936347865,,-0.484630257035533,0.0124721022031202,,,,,,,,,,,,1.95277485923141,,1.18306798041027,,,,,,,,46.0909090909091,78,1,,3812,,,2696,4382,4826,,,,,,,,,,,,,24,,,,4786,577,,,,24,,60,14,,,,,,,,48,,,,,,,,,
cod,Fish,Meat,,,,,,,,,,,,,,,,-0.707106781186547,0.707106781186547,,,,,,,,,,,,,,,,,61.9,192,1,,1356,,,744,1668,2256,,,,,,,,,,,,,12,,,,2652,624,,,,,,,,,,,,,,,192,,144,,,,,,,
cooking wine,Acid,Flavoring/Other,,,,,,,,,-1.0977301077777,,0.238636979951674,0.859093127826026,,,,,,,,,,,,,,,,,,,,,,4.55555555555556,18,1,,,,,,,,,,,,,,,,,,,,,,,,,,,,,,,,16,18,,,,,,,,,,,,,,,,
coot,Meat,Meat,"Bird, wild",-0.306119943382763,-0.160348541771924,-0.461609438434325,-0.44217325155288,,,,-0.549072279400829,,-0.33041517698457,,2.24973863152729,,,,,,,,,,,,,,,,,,,,,18.125,83,0,,,,,,,,,,,,,,,,,,,,0,,,,43,8,,,,,,,,,,,,,,,,,,,,,,,,
corned beef,Meat,Meat,Beef,1.90657312627131,-0.169550060231024,0.972317692345259,,,,,-1.10380549415707,-0.619376750639863,0.903113586128515,0.107266364635954,,-0.0311418477975349,-0.861591122398468,-1.10380549415707,,,,,,,,,,,,,,,,,,83.1111111111111,576,0,,245,,,540,120,192,,,,,,,,,,,,,0,,,,288,,576,,,,,,,,,,,,,,,,,,,,,,,
cow tongue,Meat,Meat,Beef,0.0932521260258093,-0.358783603523029,1.24388852851376,2.0246775159163,-0.728631018608442,,,-0.235501131827891,-0.605348546913304,1.65483010083089,-0.934101804767005,-0.13276573874861,-0.769725175840155,-0.266321749751676,,-0.985469501306646,,,,,,,,,,,,,,,,,25,65,1,,60,,,168,328,,,,,,,,,,,,,,4,,,18,476,275,,,,46,,11,4,,,,,,,,,,,,,,,,,
cow trunk,Meat,Meat,Beef,,,,,,,,,,,,,,1.15453245154178,-0.594328281705004,,,,,,,,,,,-0.560204169836774,,,,,,,23.1923076923077,75,0.75,,164,,,125,289,542.125,,7,,,,,,,,,,,19,,,10,494,10.25,21.5,,,0.75,,18.25,,0.75,,,,,,,,,,,,,,,,
crabs,Seafood,Meat,,-0.601612661903145,,-0.660021658204421,,,,,,,-0.202484520511091,-0.290098014963005,,,1.75421685558166,,,,,,,,,,,,,,,,,,,386.2,3315,1,,,,,,,,,,,,,,,,,,,,,,,,,,,,,,,3315,240,,,,,,,,,,,300,,,,,,
crucian carp,Fish,Meat,,0.597515517278363,,,,,,,-1.39420287364951,,-0.232367145608252,1.26142164758766,,-0.232367145608252,,,,,,,,,,,,,,,,,,,,48.5,260,1,,1267,,,,1000,,,,,,,,,,,,,,,,,,4560,360,,,,,,260,,,,,,,,,,,,,,,,,,
curlew,Meat,Meat,"Bird, wild",1.24557906037138,0.267695597861955,1.87142447637741,1.67584778387553,-0.475495833645207,-1.25780260365275,,-0.0061117716406839,,-0.3190344796437,0.619733644365348,,-0.0843424486414378,-1.17957192665199,-0.710187864647469,0.697964321366101,-0.221246133392757,-1.25780260365275,,,,,-0.866649218648977,,,,,,,,,,4.625,17,0,,12,,,,,,,,,,,,,,,,,,0,,,,11,13,,,,1,,,,,,,,,,,,,,,,,,,,
currants,Fruit,Fruits and Vegetables,preserved,,,,-0.671018948942682,,-0.10323368445272,,,,1.44527158233809,,,-0.671018948942682,,,,,,,,,,,,,,,,,,,,40.5,91,10,,434,,,245.75,580,663.25,,30,,,,,,,,242.5,,,42,,,,1937,416,,,,6,,12,24,60,36.5,10,,,,,20,,,,,,,,,
dates,Fruit,Fruits and Vegetables,,0.973176280060335,-0.0671156055214024,1.24163870214594,,,,,-1.14096529386384,,0.771829463496128,-0.771829463496128,,,,,,,,,,,,-1.00673408282104,,,,,,,,,,9,43,1,,,,,,,0,,,,,,,,,,27,,,,,,,28,,,,,0,,,,,,,,,,,,,,,,,,,,
Deer,Meat,Meat,"venison, wild",,,,,,,,,,,,,,,,,,,,,,,,,,,,,,,,,20.2222222222222,72,0,,31.5,,,17.25,37.75,,,,,,,,,,,,,,0,,,,44,12,,,,,,,,,,,,,,,4,,,,,,,,,
deer tongue,Meat,Meat,other,-0.674607525285518,0.891445658413005,,0.770980028897734,,,,-1.1564700433466,,,0.168651881321379,-0.835228364639212,0.329272720675074,1.97563632405044,-0.754917944962365,,,,,,,,,,,-0.714762735123941,,,,,,,1,1,1,,41,,,,,,,,,,,,,,,,,,,,,,,,,,,,,,,,,,,,,,,,,,,,,,,
doves,Meat,Meat,"Bird, wild",0.986123145659458,0.841409057197902,1.33343695796719,1.01506596335177,,,,-1.35824508741774,,-0.75044591587921,-0.779388733571521,,0.0888957971978127,-1.06881691049463,0.494095244890169,0.957180327967147,0.609866515659413,,,,,,-1.12670254587926,,-1.2424738166485,,,,,,,,25.0833333333333,80,1,,121,,,263,,385,,,,,,,,,,,,,2,,,,,243,10,,,50,,80,12,,,,,,,,,,,13,,,,,,
dried beef,Meat,Meat,Beef,1.37865359830358,-0.492926426209102,-0.931939024551583,-0.0770197540951722,,,,,,1.05517063110386,,,-0.931939024551583,,,,,,,,,,,,,,,,,,,,41.6428571428571,94,0,,506,,,482,611,643,,,,,,,,,,,,,0,,,,142,152,,,,9,,10,64,80,68,,,,,,8,,4,,,,,,,
dried carp,Fish,Meat,,,-0.281681675214504,-0.404917408120849,-0.0731288964499192,,,,-0.613470186885434,,-0.300641018738557,-0.556592156313274,,,,,,2.23043134172254,,,,,,,,,,,,,,,,22,88,1,,732,,,135,0,300,,,,,,,,,,,,,,,,,79,,,,,0,,,,,,,,,,,,,,,,,,,,
dried common roach,Fish,Meat,,,,,,,,,,,,,,,,,,,,,,,,,,,,,,,,,,51.1111111111111,300,0,,,,,180,1260,412,,,,,,,,,,,,,0,,,,1920,1080,,,,,,,,,300,,,,,,,,,,,,,,,
dried eel,Fish,Meat,,1.06285605626052,-0.739378126094274,-0.219502881184238,1.68670635015256,,,,-1.01664492337963,,-0.704719776433605,1.09751440592119,,-0.49676967846959,-0.670061426772936,,,,,,,,,,,,,,,,,,,1.42857142857143,2,1,,0,,,,0,,,,,,,,,,,,,,,,,,0,,,,,0,,,,,,,,,,,,,,,,,,,,
dried geese,Meat,Meat,"Bird, fowl",,,,,,,,,,,,,,,,,,,,,,,,,,,,,,,,,23.4444444444444,79,0,,297,,,108,128,60,,,,,,,,,,,,,0,,,,117,44,,,,15,,10,,,,,,,,,,,,,,,,,,
dried lamb,Meat,Meat,other,-0.3977834013157,-0.3977834013157,2.04080179805446,-0.3977834013157,,,,-0.449668192791661,,,,,-0.3977834013157,,,,,,,,,,,,,,,,,,,,1,1,1,,2,,,,,,,,,,,,,,,,,,,,,,,,,,,,,,,,,,,,,,,,,,,,,,,
dried lamprey,Fish,Meat,,1.78878413176259,,-0.442079373524852,-0.442079373524852,,,,-0.462546011188039,,,,,-0.442079373524852,,,,,,,,,,,,,,,,,,,,7.25,49,0,,0,,,0,2500,0,,,,,,,,,,,,,0,,,,,,,,,0,,,,,,,,,,,,,,,,,,,,
dried maraena whitfish,Fish,Meat,,,,,,,,,,,,,,,,,,,,,,,,,,,,,,,,,,1.25,2,0,,90,,,,0,0,,,,,,,,,,,,,0,,,,,,,,,0,,,,,,,,,,,,,,,,,,,,
dried mutton,Meat,Meat,other,0.970383373251054,-0.556777345307982,0.206803013971536,,,,,-1.51125279440738,,1.16127846307093,,,-0.270434710578162,,,,,,,,,,,,,,,,,,,,1.14285714285714,2,1,,,,,,,,,,,,,,,,,,,,,,,,,,,,,0,,,,,,,,,,,,,,,,,,,,
dried pike-perch,Fish,Meat,,,,,,,-0.648109977205406,0.852776285796586,-0.78455418293286,,-0.716332080069133,0.511665771477952,,1.94432993161622,-0.648109977205406,-0.511665771477952,,,,,,,,,,,,,,,,,,26.75,85,0,,492,,,158,288,,,,,,,,,,,,,,0,,,,7150,,,,,50,,,,,,,,,,,,,,,,,,,,
dried plums,Fruit,Fruits and Vegetables,,,,,,,,,,,,,,,,,,,,,,,,,,,,,,,,,,9,41,0,,,,,,,,,,,,,,,,,100,24,,0,,,,0,150,,,,6,,2,4,,,,,,,,,,,,,,,,,
Dried roe,Fish,Meat,,0.977102450312979,0.24263617893678,1.23941183294734,-1.40991293165967,,,,-1.4361438699231,,0.24263617893678,0.478714623307701,,-0.334444462858805,,,,,,,,,,,,,,,,,,,,7.85714285714286,49,1,,,,,,,,,,,,,,,,,,,,,,,,,,,,,785,,,,,,,,,,,,,,,,,,,,
dried salmon,Fish,Meat,,1.60797705561819,-0.215020187669874,,0.229043243387475,,,,-0.822685935432563,,,,,-0.799314175903229,,,,,,,,,,,,,,,,,,,,44.125,103,0,,61,,,37,8,0,,,,,,,,,,,,,0,,,,48,64,,,,62.25,,,,,,,,,,,,,,,,,,,,
dried sheep,Meat,Meat,other,,,,-0.887317095069994,,,,-0.8441365875809,,,,,-0.818736289057905,,,0.926264219471921,1.38346959288585,,,0.240456159351029,,,,,,,,,,,,,9.875,46,0,,8,,,148.25,,35.25,,,,,,,,,,,,,0,,,,,,,,,0,,,,,,,,,,,,,,,,,,,,
dried white bream,Fish,Meat,,1.37932303263099,0.167755503968635,1.5947128155043,0.43699273256027,,,,-1.39382042186285,,0.221602949686962,0.733153684011069,,-0.478413844651291,0.706229961151906,-1.2861255304262,,,,,,,,-1.12458319327122,,0.113908058250307,,,,,,-1.07073574755289,,194.454545454545,900,1,,,,,,,1080,,,,,,,,,,,,,23,,,,,,,,,401,,,,720,900,,,450,,,,,,,,,,,,
ducks,Meat,Meat,bird,-0.708813290259632,-0.666915169814958,-0.703692408871949,-0.706951151573202,0.259033292012334,,,0.160805476303155,0.408935456269945,-0.704157943543557,-0.691588507410155,,-0.704157943543557,1.68962133786214,0.339105255528822,1.28693384692167,-0.525392629646282,,-0.557980056658806,,,,-0.0356501551152049,,2.92096054426395,-0.432285695324784,,,,,-0.627810257399929,,44.3846153846154,112,0,,742,,,304,982,490,,,,,,,,,,,,,0,,,,4617,759,,,,41,,78,4,,,,,,,,10,,56,,,,,,12,
eggs,Eggs,Meat,,-0.585691684767847,,-0.0337899048904527,-0.329451572681914,,,,-1.03903957538142,,0.872905876336695,,,-0.684245574031668,,,,,,,,,,,,1.79931243541661,,,,,,,,"1,528.63157894737",7803,1,,104832,,,74731,117328,115500,,2085,,,,,,,,,,,1874,,,2407,130298,30807,,,,1500,,5158,2257,4293,400,,330,,,,1452,,7803,600,,,,,180,
European white fish,Fish,Meat,,,,,,,,,,,,,,,,,,,,,,,,,,,,,,,,,,39.2222222222222,144,0,,144,,,,268,288,,,,,,,,,,,,,0,,,,96,,,,,168,,,,,,,,,,,,,144,,,,,,,
fattened pig,Meat,Meat,Pork,1.94921806317126,0.483139519931339,-0.216579784796807,-0.0499799503377247,,,,-1.38277862601038,,-0.649739354390421,1.28281872533493,,-0.649739354390421,,,,,,,,,,-0.716379288174054,,-0.0499799503377247,,,,,,,,1.14285714285714,2,1,,,,,,,,,,,,,,,,,,,,,,,,,,,,,0,,,,,,,,,,,,,,,,,,,,
fieldfare,Meat,Meat,"Bird, wild",,,,,,,,,,-0.577350269189626,1.15470053837925,,-0.577350269189626,,,,,,,,,,,,,,,,,,,,32.2,81,0,,729,,,3,197,3180,,,,,,,,,,,,,0,,,,1423,762,,,,2,,,,,,,,,,,20,,40,,,,,,,
figs,Fruit,Fruits and Vegetables,,,,,,,,,,,,,,,,,,,,,,,,,,,,,,,,,,10.4285714285714,65,1,,,,,,,,,,,,,,,,,,,,,,,,0,46,,,,0,,,,,,,,,,,,,,,,,,,,
finch,Meat,Meat,"Bird, wild",-0.171038248017601,-0.416379997223177,-0.151410908081155,-0.347684307445616,,,,-0.357497977413839,,-0.131783568144709,-0.033646868462479,,-0.602839726619415,-0.00420585855780989,-0.357497977413839,-0.121969898176486,-0.121969898176486,,,,,,3.4109512903838,,,,,,,,-0.593026056651192,,0.875,1,0,,,,,,,,,,,,,,,,,,,,0,,,,,,,,,,,,,,,,,,,,,,,,,,,,,
fine salt,Salt,Flavoring/Other,,,,1.4821573939837,,,-0.494052464661232,,,,0.435928645289322,-0.290619096859548,,-1.13341447775224,,,,,,,,,,,,,,,,,,,,80.1428571428571,432,1,,3744,,,2112,3648,3835,,,,,,,,,,,,,48,,,,5644,782,,,,24,,84,48,72,72,,,,,,432,,,,,,,,24,
fish guts,Fish,Flavoring/Other,,,,,,,,,,,,,,,,,,,,,,,,,,,,,,,,,,29.5714285714286,92,1,,,,,,6,,,,,,,,,,,8,,,,,,,4,20,,,,0,,,,,,,,,,,,,,,,,,,,
flounder,Fish,Meat,,-0.871695801095594,0.708009257223694,1.14450670754876,-0.372841572152661,,,,-0.622268686624127,-0.227342422044305,-0.539126315133638,0.437796549879605,0.624866885733205,-0.850910208222971,-0.248128014916928,-0.975623765458705,,-0.954838172586082,,,,,,1.5602185650012,,2.20457194405249,,,,,,-1.01719495120395,,1.14285714285714,2,1,,,,,,,0,,,,,,,,,,,,,,,,,,,,,,,,,,,,,,,,,,,,,,,,,,
geese,Meat,Meat,"bird, fowl",1.41579984880023,-0.441969264969383,1.47572788472828,1.41579984880023,-0.786555471555681,0.27716716616724,0.966339579339837,-0.696663417663603,,1.89522413622464,-0.441969264969383,,-0.621753372753538,-0.779064467064675,-0.83150149850172,-0.68168140868159,-0.771573462573668,-0.68168140868159,,,,,-0.711645426645616,,,,,,,,,,52.6875,159,1,,1165,,,580,882,2876,,,,,,,,,,,,,23,,,42,1730,654,83,,,12,,41,6,,7,,,,,,128,,159,,,,,,4,
ginger,Spice,Flavoring/Other,,-0.390288791529305,0.128276735677464,1.43833701493667,1.8204379297206,,,,-0.908854318736073,,-0.554046326436705,0.728721030337933,,-0.526753403952139,-0.85426847376694,,,,,,,,,-0.881561396251506,,,,,,,,,,16.3359375,50,3.5,,204.72,,,115.75,221.75,335.2,,4.25,,,,,,,,79.75,33.5,,5.75,,,,337.625,112.25,,,,1,,4.375,3.5,6,4.5,6,,,,,5.5,,,,,,,,,
Gouda Cheese,Dairy,Dairy,,0.560796293118717,0.65557876519512,-0.884636406046427,0.32384011292771,,,,-1.38224438444754,,-0.150072247454305,0.276448876889508,,,-1.14528820425654,,,,,,,,,1.74557719407375,,,,,,,,,,32.1,101,0,,13,,,2,52,99,,,,,,,,,,,,,0,,,,125,43,,,,14,,2,,,,,,,,,1,,,,,,,,,
gray partridge,Meat,Meat,"bird, fowl, wild",0.374305966151159,-0.632126673126646,0.556022970465207,-0.422453206610437,,,,-0.799865446339614,,-0.520300824318001,-0.729974290834211,,-0.170845046790985,,,,,2.34523655140353,,,,,,,,,,,,,,,45,132,0,,52,,,58,123,516,,,,,,,,,,,,,0,,,,3639,62,,,,,,10,,,,,,,,,132,,,,,,,,,
gudgeon,Fish,Meat,,-0.707106781186548,,,0.707106781186548,,,,,,,,,,,,,,,,,,,,,,,,,,,,,48.6666666666667,225,0,,523,,,1196,694,2076,,,,,,,,,,,,,0,,,,13973,107,,,,64,,,,,,225,,,,,,,,,,,,,,
haddock,Fish,Meat,,-1.15454928407819,0.561089371701552,0.593459912376641,,,,,,,,,,,,,,,,,,,,,,,,,,,,,,14.2857142857143,94,1,,20,,,,,8.5,,,,,,,,,,,,,,,,,,,,,,,,,,,,,,,,,,,,,,,,,,
half dried white bream,Fish,Meat,,0.707106781186548,,,-0.707106781186548,,,,,,,,,,,,,,,,,,,,,,,,,,,,,23.7142857142857,81,1,,162,,,538,481,,,,,,,,,,,,,,,,,,,,,,,,,,,,,,,,,,,,,,,,,,,
half-smoked salmon,Fish,Meat,,,,,,,,,-0.870395244846887,,-0.160498413943398,1.69140636232657,,-0.0679031751298989,-0.592609528406391,,,,,,,,,,,,,,,,,,,1.14285714285714,2,1,,293.5,,,,,0,,,,,,,,,,,,,,,,,,,,,,,,,,,,,,,,,,,,,,,,,,
ham,Meat,Meat,pork,1.7846932247651,0.0985413436986865,1.51370452959371,-0.774644451853563,,,,-0.925193726948778,,-0.142337496453658,1.06205670430807,-0.804754306872606,,-0.654205031777391,-0.864974016910692,,,,,,,,-0.292886771548874,,,,,,,,,,16.4444444444444,84,0,,,,,,,,,,,,,,,,,,,,0,,,,145,82,,,,3,,9,,,,,,,,,,,,,,,,,,
hel grouse,Meat,Meat,"bird, fowl, wild",-0.307961753250658,-0.391624380747149,-0.282219406328661,-0.343357480268404,,,,-0.301526166520159,-0.19533898546692,-0.510682735261386,-0.398059967477648,0.155400491345292,-0.455980248052142,0.512575554888004,-0.375535413920901,,-0.497811561800388,,,,,,0.515793348253253,,3.67888422629366,-0.401277760842898,,,,,-0.401277760842898,,21.25,82,0,,595,,,177,485,1057,,,,,,,,,,,,,0,,,,1696,487,4,,,,,9,2,,,,,,,,21,,,,,,,,,
hen,Meat,Meat,"bird, fowl",,0.597590485368091,0.485542269361574,1.71807264543326,0.634939890703597,-0.634939890703597,,,,,,,,,-1.00843394405865,-0.78433751204562,-1.00843394405865,,,,,,,,,,,,,,,,178,1326,1,,5596,,,3253,6603,5619,,,,,,,,,,,,,89,,,122,14760,4210,231,,,62,,342,66,,28,,,,,,343,,1326,58,,,,,58,
honey,Honey,Flavoring/Other,,-0.0665972363535818,-0.1046527999842,1.07506967256496,-0.447152872659763,,,,-0.1046527999842,,1.76006981791609,-0.675486254443472,,-1.43659752705583,,,,,,,,,,,,,,,,,,,,23.1818181818182,78,1,,,,,24,24,6,,48,,,,,,,,36,,,,,,,,,,,,,,,4,10,4,,,,,,,,,,,,,,,
jellied eel,Fish,Meat,,1.74434646379109,-0.0794690871886602,1.94699263612218,0.764889964190855,,,,-0.552310155961189,-0.788730690347453,-0.687407604181911,2.01454136023254,-0.704294785209502,0.190725809252785,0.0218539989768816,-0.60297169904396,-0.721181966237092,-0.417212707740466,,,,,,-0.61985888007155,,-0.788730690347453,-0.721181966237092,,,,,,,45.5,98,1,,24,,,240,48,312,,,,,,,,,,,,,48,,,,96,226,,,,132,,,,,,,,,,,,,,,,,,,,
lamb,Meat,Meat,Other,-1.15284311003726,,0.519724352885652,0.633118757151612,,,,,,,,,,,,,,,,,,,,,,,,,,,,,20.2941176470588,85,1,,463.5,,,140,485.75,366.5,,,,,,,,,,,,,8,,,1,"1,506.75",85.25,3.5,,,4,,25,6.5,3,12,,,,,,6,,1,3,,,,,,
lamprey,Fish,Meat,,,2.26679316535062,0.991722009840897,0.0505980617265764,,,,,,-0.495861004920448,-0.465502167884502,,,-0.586937516028286,,,-0.435143330848557,,,,,,-0.647655190100177,,-0.678014027136123,,,,,,,,23.2857142857143,81,1,,1220,,,,420,630,,,,,,,,,,,,,,,,,,,,,,,,,,,,,,,,,,,,,,,,,,
lard,Cooking oil,Flavoring/Other,,-0.0988571033882285,-0.712220494865192,0.0269610281967896,0.278597291366826,,,,-0.948129491587101,,,,,-0.586402363280174,2.04005113355708,,,,,,,,,,,,,,,,,,,19.7272727272727,99,1,,,,,9.5,29.5,2,,,,,,,,,,,,,,,,,11,11,,,,,,4,,,9,,,,,,2,,1,,,,,,,
lark,Meat,Meat,"Bird, wild",-0.307025598221552,-0.437968965939883,-0.204548180007206,-0.261480079015176,-0.489207675047055,-0.506287244749446,3.35938869789171,-0.130536711296845,,,-0.494900864947852,,-0.44366215584068,-0.284252838618364,,0.37046399997329,0.171202353445395,,,,,,-0.341184737626334,,,,,,,,,,41.6666666666667,190,0,,2679,,,1232,3229,60,,,,,,,,,,,,,0,,,,,,,,,24,,190,,,,,,,,,,,,,,,,,,
lemons,Fruit,Fruits and Vegetables,Citrus,0.92262601176699,0.645962808392824,1.71803272146772,1.0263747130323,-0.867039085059644,-0.184026801729672,-0.56443870636915,-0.844560199785493,,1.96011302442011,0.957208912188761,,0.196385102909805,-0.830294753361512,-0.841101909743316,-0.819487596979709,-0.836779047190594,-0.806519009321545,,,,,-0.832456184637873,,,,,,,,,,106.428571428571,700,1,,2757,,,1702,4112,4778,,24,,,,,,,,7862,700,,87,,,,,1697,,,,40,,60,,175,140,,,,,,50,,,,,,,,,
mace,Spice,Flavoring/Other,,-0.33409654387883,1.16370706294873,-0.202710262578166,0.427943887665018,,,,-1.17496874420307,,1.26881608798926,,,-1.14869148794294,,,,,,,,,,,,,,,,,,,,24.09140625,83,0.25,,26.2,,,22.9,42.14,41.3,,0.25,,,,,,,,76,9,,0.9,,,,71.84,37.5,,,,4.09,,1.3125,1,1.625,1.125,2,,,,,1.25,,,,,,,,,
millet gruel,Grain,Grain,,-0.0529295363061496,,-0.503981237002033,1.52575141612944,,,,-0.793943044592244,,1.3002255657815,-0.793943044592244,,,,,,,,,,,,-0.681180119418273,,,,,,,,,,36,94,0,,178,,,60,204,456,,,,,,,,,,,,,0,,,,87,,,,,0,,,,,,,,,,,,,,,,,,,,
Moose,Meat,Meat,"venison, wild",0.829700283636787,,-1.11033420310217,,,,,,,0.280633919465384,,,,,,,,,,,,,,,,,,,,,,,18.0555555555556,74,1,,15.75,,,,10.75,54.25,,,,,,,,,,,,,1,,,,5,10,,,,,,,,,,,,,,,4.5,,,,,,,,,
Moose and pickeled game (probably also moose),Meat,Meat,"venison, wild",0.827490228495786,-1.11120116398006,,0.28371093548427,,,,,,,,,,,,,,,,,,,,,,,,,,,,,7.57142857142857,43,1,,28.87,,,,1,,,,,,,,,,,,,,,,,,28,,,,,,,,,,,,,,,,,,,,,,,,,
mustard,Seasoning,Flavoring/Other,,0.190345398632877,-0.47650469859876,0.241641559958387,0.139049237307366,,,,-0.689383768099629,-0.656041263238047,-0.497023163128965,-0.0866538725248803,-0.527800859924271,-0.548319324454475,-0.697078192298456,-0.804800131082028,,,,,,,,2.04726643861636,,2.36530263883452,,,,,,,,11.1428571428571,66,1,,57,,,10,,48,,,,,,,,,,,,,,,,,,,,,,,,,,,,,,,,,,,,,,,,,,
mutton,Meat,Meat,Other,0.156170683142193,0.156170683142193,1.04524057471846,0.467345145193885,,0.0672636939845667,-0.332817757224752,-0.755125955723478,,2.73447336871336,1.40086853134896,,-0.555085230118818,-0.755125955723478,-0.746679791753503,-0.72845385897619,-0.744012582078774,-0.688445713855258,,,,,-0.721785834789368,,,,,,,,,,76.6607142857143,314,1,,737.25,,,194.12,860.75,931.25,,,,,,,,,,,,,16.25,,,19.5,"2,689.5",671.5,32,,,4,,15.5,5,,,,,,,,283,,314,,,,,,,
nutmeg,Spice,Flavoring/Other,,-0.0957531264931567,-0.0957531264931567,0.270045334267217,-0.762797378467956,,,,-0.343205026419292,,-0.504586700284163,-0.40775769596524,,-0.644450817633717,,,,,,,,,,-0.128029461266131,,2.71228799875559,,,,,,,,17.7193333333333,80,0.5,,14.828,,,14.5,22.03,22.9,,,,,,,,,,62.75,10,,0.5,,,,69.375,36.125,,,,0.6,,0.5,0.69,1.1,0.75,2,,,,,1.25,,,,,,,,,
oat groats,Grain,Grain,,-0.422713398289684,1.0719638111324,1.72588509025457,-0.609548049467445,,0.137790555243599,-0.936508689028527,-1.05328034601463,,,1.0719638111324,,0.0910818924491584,,,,,,,,,,-1.07663467741185,,,,,,,,,,77.1,336,1,,459.5,,,463,936,1275,,,,,,,,,,,,,52,,,,2295,336,,,,28,,,,,,,,,,,72,,336,,,,,,,
olives,Olives,Flavoring/Other,,-0.448692454115895,-0.389008897273876,-0.329325340431857,3.5501058542994,-0.508376010957915,,,0.924029353250549,0.177984892725308,2.71453605851113,-0.0905911130637793,0.983712910092569,0.744978682724491,-0.03090755622176,-0.508376010957915,-0.508376010957915,-0.508376010957915,-0.508376010957915,-0.508376010957915,-0.508376010957915,-0.508376010957915,-0.508376010957915,0.267510227988337,,,-0.508376010957915,-0.508376010957915,-0.508376010957915,-0.508376010957915,-0.508376010957915,-0.448692454115895,-0.508376010957915,23.25,62,1,,121.5,,,24,31,127,,,,,,,,,,96,4,,1.5,,,,,34,,,,3,,,,,,,,,,,1,,,,,,,,,
oxen,Meat,Meat,Beef,-0.296619956532018,-0.32335139453724,-0.353647024276492,,,-0.383942654015743,,-0.414238283754995,,-0.243157080521574,-0.318005106936196,,-0.330479778005299,2.66344127857956,,,,,,,,,,,,,,,,,,,9.69642857142857,70,1,,1,,,1,1,5,,1,,,,,,,,,,,25,,,12.5,4,11,26,,,2,,9,1,1,1,1,1,1,1,1,14,,,1,1,1,1,1,2,1
oysters,Fish,Meat,,1.34649471504995,0.628746999138465,1.46133434959579,0.140678552318652,,,,-1.40965651405017,,-0.548359254956378,0.456487547319707,,-0.864168249957433,,-1.17997724495849,,,,,,,,,,-0.0315808995001056,,,,,,,,225.888888888889,1727,0,,3456,,,2592,192,,,,,,,,,,,480,,,0,,,,9216,384,,,,768,,1727,,,,,,,,,,,,,,,,,,
pearl barley,Grain,Grain,,,,,,,-0.432373218095377,,,,2.26320356346799,-0.432373218095377,,-0.432373218095377,-0.290500755907831,-0.385082397366195,,,,,,,,-0.290500755907831,,,,,,,,,,40.2,101,0,,662,,,432,789,408.5,,,,,,,,,,,,,0,,,,1808,48,,,,172,,,8,,,,,,,,,,48,,,,,,,
pearl barley groats,Grain,Grain,,-0.600474555169058,-0.534813040115033,-0.482283828071813,-0.475717676566411,,,,2.57754277344575,,-0.360810025221867,-0.357526949469166,,-0.587342252158253,,,,,,,,,,0.0167436863387764,,0.804681866987076,,,,,,,,7.8,59,1,,,,,,,,,,,,,,,,,10,,,,,,,45,10,,,,0,,4,2,,,,,,,,4,,,,,,,,,
peas,Grain,Grain,,1.34959507003392,-0.0083205614675335,1.5193345239716,1.40617488801315,-0.842872876661136,0.387738164387058,0.925246435189717,-0.758003149692295,,1.80223361386774,-0.404379287322125,,-0.574118741259806,-0.828727922166329,-0.885307740145557,-0.743858195197488,-0.828727922166329,-0.743858195197488,,,,,-0.772148104187102,,,,,,,,,,187.2,972,1,,"1,994.5",,,1427,2195,3390,,,,,,,,,,,,,972,,,,6246,736,,,,"1,401.5",,,,,,,,,,,192,,432,,,,,,,
pepper,Spice,Flavoring/Other,,,,,,,,,,,,,,,,,,,,,,,,,,,,,,,,,,18.09375,52,3.5,,217.59,,,134.25,247.8125,344.3,,4.25,,,,,,,,95.25,35.5,,5.75,,,,350.875,120.5,,,,1.625,,4.5,3.5,6,4.5,6,,,,,5.5,,,,,,,,,
perch,Fish,Meat,,0.892112076671175,,0.702300996528372,,,,,-0.930074292699736,,-0.892112076671175,1.11988537284254,,-0.892112076671175,,,,,,,,,,,,,,,,,,,,1,1,1,,60,,,,,,,,,,,,,,,,,,,,,,,,,,,,,,,,,,,,,,,,,,,,,,,
pickled carp,Fish,Meat,preserved,-0.334207287083715,0.908358267458303,1.20828788407189,-0.805525256047929,,,,-0.976913608398552,,,,,,,,,,,,,,,,,,,,,,,,,13.25,55,0,,2388,,,,228,,,,,,,,,,,,,,0,,,,0,384,,,,0,,,,,,,,,,,,,,,,,,,,
Pickled deer,Meat,Meat,"venison, wild",-0.176716990784995,-0.363829098674991,-0.675682611824982,-0.239087693414994,,,,-0.519755855249986,,-0.675682611824982,-0.800424017084979,,,,,,,,1.72558943942996,1.72558943942996,,,,,,,,,,,,,25.625,103,0,,17.25,,,6.25,8,11,,,,,,,,,,,,,0,,,,,,,,,,,,,,,,,,,,,,,,,,,,,
pickled eel,Fish,Meat,,0.94658821992365,1.48749577416574,-0.251135650183825,-0.328408157932695,,,,-0.94658821992365,,,,,-0.907951966049215,,,,,,,,,,,,,,,,,,,,33.8,96,1,,18600,,,1572,1200,2640,,,,,,,,,,,,,24,,,,136,1248,,,,,,,,,,,96,96,,,,,,,,,,,,
pickled gudgeon,Fish,Meat,,1.95933665672608,-0.724102677485726,0.435408145939129,0.070990458577032,,,,,,-0.724102677485726,-0.956004842170697,,,-0.0615250641000942,,,,,,,,,,,,,,,,,,,13.125,64,0,,24,,,348,120,156,,,,,,,,,,,,,0,,,,,,,,,0,,,,,,,,,,,,,,,,,,,,
pickled herring,Fish,Meat,,-1.21224616663029,-0.476239565461901,-0.259767035706491,0.562828577364065,,,,,,1.38542419043462,,,,,,,,,,,,,,,,,,,,,,,16.9333333333333,64,1,,,,,,,,,,,,,,,,,,,,,,,,,,,,,,,,,,,,,,,,,,,,,,,,,
pickled herring,Fish,Meat,,-1.21224616663029,-0.476239565461901,-0.259767035706491,0.562828577364065,,,,,,1.38542419043462,,,,,,,,,,,,,,,,,,,,,,,16.9333333333333,64,1,,876,,,1560,3240,3924,,,,,,,,,,,,,,,,,1752,156,,,,,,48,,,,,,,,,,,,,,,,,,
pickled herring,Fish,Meat,preserved,0.492567574748919,-0.1868359766289,-0.288746509335573,-0.628448285024483,,,,-0.662418462593374,,-0.390657042042246,2.29298698590014,,-0.628448285024483,,,,,,,,,,,,,,,,,,,,16.9333333333333,64,1,,,,,,,,,,,,,,,,,,,,,,,,,,,,,,,,,,,,,,,,,,,,,,,,,
pickled herring,Fish,Meat,preserved,0.492567574748919,-0.1868359766289,-0.288746509335573,-0.628448285024483,,,,-0.662418462593374,,-0.390657042042246,2.29298698590014,,-0.628448285024483,,,,,,,,,,,,,,,,,,,,16.9333333333333,64,1,,876,,,1560,3240,3924,,,,,,,,,,,,,,,,,1752,156,,,,,,48,,,,,,,,,,,,,,,,,,
pickled lamprey,Fish,Meat,,-0.120403923806954,,1.59303653036892,0.203760486442537,,,,-0.86135114723436,,,,,-0.815041945770147,,,,,,,,,,,,,,,,,,,,42.1428571428571,98,1,,192,,,264,300,60,,,,,,,,,,,,,,,,,96,,,,,,,,,,,,,,,,,,,,,,,,,
pickled pike,Fish,Meat,preserved,,,0.707106781186548,,,,,-0.707106781186548,,,,,,,,,,,,,,,,,,,,,,,,,16.125,88,0,,1848,,,120,100,0,,,,,,,,,,,,,0,,,,1152,96,,,,0,,,,,,,,,,,,,,,,,,,,
pickled pike-perch,Fish,Meat,preserved,0.489843675255793,-0.59296865952017,,1.6113278791309,,,,-0.941015481412444,,0.335156198859226,,,-0.902343612313302,,,,,,,,,,,,,,,,,,,,10.5,54,0,,12160,,,,2844,1920,,,,,,,,,,,,,0,,,,,,,,,0,,,,,,,,,,,,,,,,,,,,
pickled pork,Meat,Meat,pork,,,,,,,,0.707106781186548,,,-0.707106781186548,,,,,,,,,,,,,,,,,,,,,,1.75,8,0,,,,,,1.5,,,,,,,,,,,,,,0,,,,,,,,,,,,,,,,,,,,,,,,,,,,,
pickled salmon,Fish,Meat,preserved,,,,,,,,,,,,,,,,,,,,,,,,,,,,,,,,,14.5,67,0,,192,,,1080,,480,,,,,,,,,,,,,0,,,,1920,,,,,0,,,,,,,,,,,,,,,,,,,,
pickled sturgeon,Fish,Meat,,2.23369877811349,1.05302942396779,2.16987881302454,1.91459895266871,-0.574379685800613,,,,-0.542469703256134,2.13796883048006,0.478649738167177,-0.542469703256134,-0.478649738167177,-0.574379685800613,-0.510559720711656,-0.574379685800613,-0.574379685800613,-0.574379685800613,-0.574379685800613,-0.574379685800613,-0.574379685800613,-0.574379685800613,-0.127639930177914,,0.223369877811349,-0.574379685800613,-0.574379685800613,-0.574379685800613,-0.574379685800613,,-0.542469703256134,,10,60,1,,,,,,,,,,,,,,,,,,,,60,,,,,1200,,,,,,,,,,,,,,,,,,,,,,,,
pickled wild cow,Meat,Meat,"beef, wild",0.614108603609501,0.117730664940681,0.194096501658961,-0.416830192087278,,,,-0.760476457319537,,2.82871786843962,0.308645256736381,,,-0.416830192087278,,-0.607744783882978,,,-0.684110620601257,-0.684110620601257,,,,,-0.493196028805558,,,,,,,,1.42857142857143,4,1,,,,,,0.62,,,,,,,,,,,,,,,,,,,,,,,,,,,,,,,,,,,,,,,,,,,
pig,Meat,Meat,Pork,0.78125621418752,0.261621595975036,-0.950859179854095,0.694650444485439,,,,0.153364383847435,0.0451071717198338,-0.929207737428574,-0.258013022237449,,-0.691041870747852,-0.712693313173372,-0.885904852577534,,,,,,,,2.49172016580361,,,,,,,,,,15.8461538461538,88,1,,59.75,,,26,53,60.25,,1,,,,,,,,,,,,,,2,74.75,23.5,2,,,0.5,,1,3,1,1,1,1,1,1,1,15,,26,1,1,1,1,,2,
pig's head,Meat,Meat,Pork,1.47643058983831,,,-0.242700918877531,,,,-0.626977373766955,,,,,-0.606752297193827,,,,,,,,,,,,,,,,,,,,16.1538461538462,95,0,,190.5,,,142.5,145.5,115,,,,,,,,,,,,,0,,,,89,2,,,,,,9,,4,,,2,2,,,,,7,,,,,,,
pike,Fish,Meat,,,,,,,0.0450834817333716,,-0.766419189467317,,,1.39758793373452,,-0.676252226000574,,,,,,,,,,,,,,,,,,,,49.75,172,1,,6322,,,4035,10578,7665,,,,,,,,,,,,,64,,,59,12547,3221,,,,285,,24,16,,,,,,,,172,,,,,,,,,
pike-perch,Fish,Meat,,,,,,,-0.422948855730241,,-0.542089378471154,,1.78115081497665,-0.303808332989328,,-0.512304247785926,,,,,,,,,,,,,,,,,,,,3.375,20,0,,8,,,,,18,,,,,,,,,,,,,0,,,,,,,,,0,,,,,,,,,,,,,,,,,,,,
pinenuts,Seeds,Flavoring/Other,,1.76650577138044,0.652150876172706,-0.984557876163648,-0.601498380935991,,-0.984557876163648,,-1.15867582853986,,1.00038678092512,0.861092419024155,,-0.00949734285688409,-0.949734285688406,,,,,,,,,0.408385742846015,,,,,,,,,,5.125,25,0,,,,,,,,,,,,,,,,,21,,,0,,,,,18,,,,0,,,,,,,,,,,,,,,,,,,,
pistachios,Nuts,Flavoring/Other,,0.440021690830956,1.12281396970658,-1.03480963154039,0.849697058156328,,,,-1.41717330771073,,1.01356720508648,,,-0.679757646525062,0.63120352891613,-0.925562866920286,,,,,,,,,,,,,,,,,,12.25,79,0,,,,,,,,,,,,,,,,,12,,,0,,,,64,11,,,,0,,,,,,,,,,,,,,,,,,,,
Plums,Fruit,Fruits and Vegetables,,,,,,,,,,,,,,,,-0.463966975980229,1.14770778268794,-0.683740806707706,,,,,,,,,,,,,,,,38.9,73,10,,636,,,345,1134,2070,,,,,,,,,,395,,,10,,,,5740,551,,,,63,,16,,,,,,,,,55,,,,,,,,,
Pomagranates,Fruit,Fruits and Vegetables,,,,,,,,,,,,,,,,,,,,,,,,,,,,,,,,,,40.6,94,0,,381,,,65,112,65,,,,,,,,,,,,,0,,,,846,,,,,30,,75,18,,,,,,,,,,,,,,,,,
poppy seeds,Seeds,Flavoring/Other,,,,,,,,,,,,,,,,,,,,,,,,,,,,,,,,,,18.9,92,1,,,,,,,,,,,,,,,,,,,,,,,,,,,,,,,,48,92,42,,,,,,,,,,,,,,,
preserved barberries,Fruit,Fruits and Vegetables,,0.712559879509132,1.57318414956562,-0.869878294465694,,,,,-0.980926587376208,,0.101794268501304,-0.536733415734151,,,,,,,,,,,,,,,,,,,,,,2,8,1,,,,,,,,,,,,,,,,,20,,,,,,,,,,,,,,,,,,,,,,,,,,,,,,,,
preserved sturgeon,Fish,Meat,,-0.364787164543274,-0.411405332536024,-0.667805256496153,-0.83096884447078,0.847285203268243,,,0.567576195311739,,,-0.854277928467156,,-1.0990233104291,1.96612123509426,,0.847285203268243,,,,,,,,,,,,,,,,,8.71428571428571,55,1,,,,,,,,,,,,,,,,,,,,,,,,38.5,,,,,,,,,,,,,,,,,,,,,,,,,
quail,Meat,Meat,"Bird, wild",1.61680140450499,1.33327536110629,0.0445206183849201,0.431147041201332,,,,-1.16690883977317,,0.895098748581026,-0.986483175792178,,-0.909157891228895,-0.677182037539048,-0.934932986083323,,,,,,,,0.353821756638049,,,,,,,,,,19.75,93,0,,3,,,649,1,,,,,,,,,,,,,,0,,,,26,13,,,,,,,,,,,,,,,,,,,,,,,,
Quark,Dairy,Dairy,,0.793567965050447,-0.258476422902145,1.19261928461867,1.22889667730669,-0.947746883974533,-1.4193529889188,,-0.040812066774023,,1.48283842612283,0.0680201112900383,,-0.367308600966207,-0.875192098598493,-0.294753815590166,1.44656103343481,0.394516645482222,-1.45563038160682,,,,,-0.947746883974533,,,,,,,,,,81.4545454545455,264,1,,340,,,312,216,199,,168,,,,,,,,,,,144,,,,,168,,,,0,,264,,168,,,,,,,,,,,,,,,,
rabbit,Meat,Meat,wild,0.872833464251783,0.825006973059905,1.39892486736245,0.944573201039601,,-0.801093727463965,1.51849109534214,-0.96848644663554,,-1.08805267461524,0.729353990676148,,0.0597831139898482,-1.0641394290193,-0.872833464251783,,,-0.753267236272087,,,,,-0.801093727463965,,,,,,,,,,36.0909090909091,98,0,,87,,,87,249,457,,,,,,,,,,,,,0,,,,692,109,,,,10,,19,9,,,,,,,,59,,,,,,,,,
raisins,Fruit,Fruits and Vegetables,preserved,,,,,,,,,,0.505392935858792,0.646432824935664,,-1.15182576079446,,,,,,,,,,,,,,,,,,,,49.1333333333333,92,10,,425.5,,,214.75,496.75,661.2,,24,,,,,,,,264,,,49,,,,859,369.5,,,,6,,26,42,90,61,10,,,,,24,,,,,,,,,
rice,Grain,Grain,,1.35893457609203,1.21746820066289,1.52397868075936,-0.645172409154104,,,,-0.928105160012382,,0.651602698946338,0.0621594679915914,,-0.763061055345053,-0.833794243059623,,,,,,,,,-0.739483326106864,,,-0.904527430774193,,,,,,,44.2307692307692,110,2,,520,,,547,837,666.5,,,,,,,,,,328,110,,6,,,,0,697,,,,88,,2,10,,,15,,,,,13,,,,,,,,,
rice flour,Grain,Grain,,1.84596054933533,0.768209177600063,1.94860353711964,-0.309542194135206,-0.678415431485074,-0.0529347246744274,-0.655962277907256,-0.684189099547942,,1.56369233292848,1.02481664706084,,-0.643131904434217,-0.692849601642243,-0.693651499984308,-0.683226821537464,-0.689642008273983,-0.681623024853334,,,,,-0.686113655568898,,,,,,,,,,19.7142857142857,63,1,,,,,,,,,,,,,,,,,,,,,,,,45,45,,,,11,,,,,,,,,,,,,,,,,,,,
roe deer,Meat,Meat,"venison, wild",0.790298220132875,1.43652437535657,-0.255972697848347,1.92888716028891,,,,-1.04067588633426,,0.0517540427343652,-0.194427349731805,,-0.194427349731805,-1.08683489742167,,,,,,,,,-0.440608742197974,,,-0.994516875246857,,,,,,,31.1818181818182,105,0,,67,,,62.75,80.75,127.75,,,,,,,,,,,,,0,,,,51,3,,,,1,,4,,,,,,,,,8,,,1,,,,,,
saffron,Spice,Flavoring/Other,,1.6202808934556,,,-0.810140446727799,,,,,,0.176117488419087,,,-0.810140446727799,-0.176117488419087,,,,,,,,,,,,,,,,,,,23.004296875,104,0.03125,,7.9,,,3.3,8.7,15.7,,0.625,,,,,,,,9.06,1.5,,0.4,,,,8.625,5.375,,,,0.03125,,0.0625,0.03125,0.4375,0.1875,0.5,,,,,0.325,,,,,,,,,
salmon,Fish,Meat,,1.09355336756231,1.2724984640725,-0.785370145794749,-0.725721780291351,,,,-1.26255706982194,,-0.75554596304305,-0.0695897597539652,,-0.129238125257364,,,,,,,,,,1.3619710123276,,,,,,,,,,31.3181818181818,100,1,,308,,,56.5,165.5,96.5,,,,,,,,,,,,,2.5,,,,242,20,,,,4,,1,,,,,,,,,22,,,4,,,,,,
salmon trout,Fish,Meat,,-0.222661608480697,-0.935178755618928,1.02424339901121,0.0148441072320465,,,,-1.8852016184699,,0.964866970083021,,,0.489855538657534,0.54923196758572,,,,,,,,,,,,,,,,,,,7.125,30,1,,39,,,,,0,,,,,,,,,,,,,,,,,18,,,,,0,,19,,,,,,,,,,,,,,,,,,
salted cod,Fish,Meat,,,,,,,-0.0700140042014005,,-1.33026607982661,,,1.05021006302101,,0.350070021007002,,,,,,,,,,,,,,,,,,,,34.3333333333333,88,0,,497,,,565,1169,1793,,,,,,,,,,,,,0,,,,1305,289,,,,49,,,,,,,,,,,88,,,,,,,,,
sandpipers,Meat,Meat,"Bird, wild",-0.661690487467513,-0.519669114547657,-0.3776477416278,0.900544614650908,,,,-0.235626368707944,-0.80371186038737,-0.661690487467513,2.60480108968919,,-0.0936049957880872,0.367964466201446,,,,,,,,,-0.519669114547657,,,,,,,,,,25.8888888888889,50,0,,167,,,125,256,25,,,,,,,,,,,,,0,,,,311,,,,,6,,41,,,,,,,,,,,,,,,,,,
sardines,Fish,Meat,,0.00252021323166104,-0.133571301278037,-0.284784095177702,-0.330147933347601,,,,-0.715740557791746,,-0.640134160841914,,,-0.708179918096763,2.50509195227111,,,,,,,,,0.30494580103099,,,,,,,,,,15.125,52,0,,,,,,,,,,,,,,,,,96,,,0,,,,,3648,,,,48,,,,,,,,,,,,,,,,,,,,
sheep,Meat,Meat,Other,-0.597624669388872,0.293028870151963,1.48056692287308,1.21067191089101,,,,-0.813540678974529,,-0.786551177776322,,,-0.786551177776322,,,,,,,,,,,,,,,,,,,,8.02272727272727,27,1,,"1,268.5",,,"1,164.75","1,172.25",1381,,,,,,,,,,,,,6,,,2,"1,093.5",190.5,,,,1,,10.25,,,,,,,,,4,,,,,,,,,
small birds,Meat,Meat,"Bird, wild",-0.00579584596645136,-0.2144463007587,-0.2144463007587,-0.191262916892895,,,,2.3357259244799,,-0.875172740934155,,,-0.805622589336739,,,,,,,,,,-0.0289792298322568,,,,,,,,,,76.4,426,0,,649,,,50,296,391,,,,,,,,,,,,,0,,,,118,,,,,0,,426,,,,,,,,,135,,,,,,,,,
Small sheep cheese,Dairy,Dairy,,-0.505518391516499,0.591730830379778,0.783749444211626,-1.16386792465427,,,,-1.19129915520167,,1.41466774680199,,,0.0705374499790463,,,,,,,,,,,,,,,,,,,,26.25,86,0,,1071,,,204,515,553,,,,,,,,,,,,,0,,,,0,,,,,0,,,,,,,,,,,,,,,,,,,,
"small, edible fish",Fish,Meat,,,,,,,,,,,,,,,,,,,,,,,,,,,,,,,,,,68.1111111111111,288,1,,5280,,,4032,3576,504,,,,,,,,,,,,,288,,,,1188,,,,,156,,,,,,,,,,,84,,,,,,,,,
smoked fish,Fish,Meat,,,,,,,,,,,,,,,,,,,,,,,,,,,,,,,,,,35.75,96,0,,15480,,,390,4080,0,,,,,,,,,,,,,0,,,,9180,,,,,750,,,,,,,,,,,,,,,,,,,,
snails,Seafood,Meat,,-0.159022018122719,,1.74924219934991,-0.715599081552236,,,,-0.742102751239356,,0.583080733116637,,,-0.715599081552236,,,,,,,,,,,,,,,,,,,,53.375,420,1,,,,,,,,,,,,,,,,,,,,,,,,,,,,,,,,,,,,,,,,420,,,,,,,,,
snow bunting,Meat,Meat,"Bird, wild",0.425989716834747,0.16576975406239,-0.267930183891537,-0.510802149145737,0.200465749098704,,,-0.215886191337066,2.28222545127756,,,,-1.03124207469045,-1.04859007220861,,,,,,,,,,,,,,,,,,,1,1,1,,,,,,,,,,,,,,,,,,,,,,,,,,,,,,,,,,,,,,,,,,,,,,,,,
sparrows & skylarks,Meat,Meat,"Bird, wild",-1.4173745210538,0.873331775598807,0.0715845717703941,,,,,,,,,,0.472458173684601,,,,,,,,,,,,,,,,,,,,7.14285714285714,44,1,,,,,,,,,,,,,,,,,,,,,,,,280,,,,,,,,,,,,,,,,,,,,,,,,,
spiced gudgeon,Fish,Meat,,-0.499656002711257,,,-0.454232729737507,,,,,,1.49896800813377,,,-0.545079275685008,,,,,,,,,,,,,,,,,,,,19.125,95,0,,143,,,,66,0,,,,,,,,,,,,,0,,,,34,,,,,0,,,,,,,,,,,,,,,,,,,,
spicy sauerkraut,Vegetable,Fruits and Vegetables,,2.33290365823039,1.13067109816074,0.357807309544538,-0.0715614619089077,,,,-0.801488373379765,-0.715614619089076,0.958923589579362,-0.629740864798387,,-0.758551496234421,-0.629740864798387,-0.672677741943732,,,,,,,,-0.500930233362353,,,,,,,,,,42.3636363636364,192,0,,528,,,41555,240,240,,72,,,,,,,,,,,48,,,192,,,,,,0,,0,,,,,,,,,,,,,,,,,,
starling,Meat,Meat,"Bird, wild",-0.349596480029384,-0.696339854561045,-0.200992176658671,-0.432154426346446,-0.390875453187915,-0.605526113612277,3.66787958262466,-0.101922641078197,,-0.118434230341609,-0.498200783400096,,-0.514712372663508,-0.0977947437623436,-0.209247971290378,0.467727188509533,0.0219142783973967,-0.407387042451327,,,,,0.465663239851606,,,,,,,,,,18.1428571428571,48,1,,107,,,24,19,,,,,,,,,,,,,,,,,,,,,,,6,,,,,,,,,,,,,,,,,,,,
sturgeon,Fish,Meat,,,,,,,,,,,,,,,,,,,,,,,,,,,,,,,,,,8.14285714285714,47,1,,1,,,,,1,,,,,,,,,,,,,,,,,3,,,,,0,,,,,,,,,,,,,,,,,,,,
suckling pig,Meat,Meat,Pork,-0.707106781186548,,0.707106781186548,,,,,,,,,,,,,,,,,,,,,,,,,,,,,,13.1666666666667,46,0,,432,,,227,160,170,,,,,,,,,,,,,0,,,2,279,105,,,,0,,4,3,,,,,,,,7,,,,,,,,,
sugar,Sugar,Flavoring/Other,,-0.161626384635664,-1.17354809713721,1.91843491328419,-0.105408511718911,,,,-1.11733022422046,,-0.161626384635664,0.00702723411459409,,,0.794077454949132,,,,,,,,,,,,,,,,,,,92.4296875,533.625,6,,2333,,,"1,524.4",3414,"3,296.25",,42,,,,,,,,"4,190.5",533.625,,77,,,,"6,365.5","2,311.5",,,,30,,77.5,64,146,92,40,,,,,145.75,,,,,,,,,
swans,Meat,Meat,"bird, wild",,1.30558241966773,,-0.78334945180064,,,,,,0.261116483933547,,,-0.78334945180064,,,,,,,,,,,,,,,,,,,,0.875,1,0,,,,,,,,,,,,,,,,,,,,0,,,,,,,,,,,,,,,,,,,,,,,,,,,,,
tench,Fish,Meat,,-0.031717241668843,-0.554118869155668,-0.240677892663573,0.177243409325887,,,,-1.02428033389381,-0.945920089770786,1.24816674567388,0.0466430024541808,-0.841439764273421,0.0205229210798395,-0.475758625032644,-0.893679927022104,,,,,,,,0.986965931930465,,2.5280507330166,,,,,,,,8.14285714285714,51,1,,1,,,,266,,,,,,,,,,,,,,,,,,,,,,,,,,,,,,,,,,,,,,,,,,,
thrush,Meat,Meat,"Bird, wild",1.66768879487832,-0.521735041973104,-0.312109355466053,0.0838502746028204,,,,-0.917694672041978,,,,,,,,,,,,,,,,,,,,,,,,,25.8888888888889,67,1,,1680,,,116,345,2351,,,,,,,,,,,,,12,,,,18,2068,,,,,,46,,,,,,,,,,,,,,,,,,
turbot,Fish,Meat,,1.37859726558644,0.662134965630363,1.04143853619535,0.915004012673685,,,,-0.918296578390394,-0.602210269586243,-0.876151737216508,-0.602210269586243,,-0.349341222542922,-0.560065428412356,-0.718108582814432,-0.665427531347073,-0.675963741640545,,,,,,0.456678864907665,,2.36900103317278,,,,,,-0.855079316629564,,2,4,1,,,,,1,,0,,,,,,,,,,,,,,,,,1,,,,,0,,,,,,,,,,,,,,,,,,,,
turkey,Meat,Meat,"bird, fowl",0.707106781186548,,,-0.707106781186548,,,,,,,,,,,,,,,,,,,,,,,,,,,,,37,136,0,,196,,,133,168,358,,,,,,,,,,,,,0,,,3,79,293,7,,,6,,21,5,,,,,,,,77,,136,,,,,,,
various small fish ,Fish,Meat,,-0.812308478002918,0.602680483679584,1.47525701005046,0.555514184956834,,,,-1.09530627033942,,0.508347886234084,0.885678276016085,,-1.09530627033942,,,,,,,,,,-1.02455682225529,,,,,,,,,,11.625,44,0,,96,,,132,156,340,,,,,,,,,,,,,0,,,,,,,,,,,,,,,,,,,,,,,,,,,,,
veal,Meat,Meat,Beef,-0.255334844772936,,0.0593383794190624,-0.809159719350852,,,,,-0.884681293156931,-0.620355784835653,,,,,,,,,,,,,0.562815538126259,,1.94737772457105,,,,,,,,40.015625,159,1,,977.85,,,523.13,685.85,779.75,,,,,,,,,,,,,3,,,18,"1,646.5",148.75,,,,4,,20,12.5,15,14.5,,,,,,68.25,,159,,,,,,6,
vimba bream,Fish,Meat,,,,,-0.707106781186548,,,,,,,,,0.707106781186548,,,,,,,,,,,,,,,,,,,,1.14285714285714,2,1,,20,,,,,0,,,,,,,,,,,,,,,,,,,,,,,,,,,,,,,,,,,,,,,,,,
water mannagrass,Grain,Grain,,,,,,,,,,,,,,,,,,,,,,,,,,,,,,,,,,46.7777777777778,111,1,,120.5,,,45.5,97,51,,,,,,,,,,,,,1,,,,53,9,,,,0,,,,,,,,,,,4,,,,,,,,,
waxwing,Meat,Meat,"Bird, wild",,,,,,,,,,,,,,,,,,,,,,,,,,,,,,,,,53.9,240,1,,343,,,,580,186,,,,,,,,,,,,,,,,15,2076,,,,,,,,,,,,,,,,130,,240,,,,,,,
Wels catfish,Fish,Meat,,0.958546762937921,0.59755340285859,0.567470622851979,1.65045070308997,,,,-1.16228922752815,,0.417056722818924,0.0861461427462041,,0.356891162805702,-1.17733061753145,,,,,,,,,-1.14724783752484,,-1.14724783752484,,,,,,,,2.14285714285714,8,1,,,,,,,0,,,,,,,,,,,,,,,,,,,,,,1,,,,,,,,,,,,,,,,,,,,
westphalian ham,Meat,Meat,pork,0.200113264868657,-0.85048137569179,1.4841733811092,-0.111174036038142,,,,-1.35632323966534,,1.017242429749,-0.383550424331591,,,,,,,,,,,,,,,,,,,,,,1,1,1,,3,,,,,,,,,,,,,,,,,,,,,,,,,,,,,,,,,,,,,,,,,,,,,,,
wheat flour,Grain,Grain,,,,,,,,,,,,,,,,-0.707106781186547,0.707106781186547,,,,,,,,,,,,,,,,,21.875,168,1,,,,,,,,,,,,,,,,,,,,,,,,,,,,,,,,,,,,,,,,168,,,,,,,,,
wild boar,Meat,Meat,"pork, wild",-0.115218825145661,,0.248630096366953,0.466939449274521,,,,-1.64338429549864,,1.37656175305605,-0.333528178053229,,,,,,,,,,,,,,,,,,,,,,33.3181818181818,95,0,,41,,,31.37,30.75,86.25,,,,,,,,,,,,,0.5,,,,37,3,,,,94,,0,,,,,,,,,1,,1,,,,,,,
wild geese,Meat,Meat,"bird, wild",-0.370580418320641,0.358999780248121,0.0810644665076401,1.99186974847344,,,,-1.03067678845428,,0.04632255229008,0.880128493511522,,,-1.03067678845428,,,,,,,,,-0.926451045801602,,,,,,,,,,26.375,74,0,,20,,,12,41,25,,,,,,,,,,,,,0,,,,47,19,,,,,,,,,,,,,,,,,,,,,,,,
wine vinegar,Acid,Flavoring/Other,,,,,,,,,,,,,,,,,,,,,,,,,,,,,,,,,,3.33333333333333,12,1,,,,,,,,,,,,,,,,,,,,,,,,,,,,,,,,11,12,,,,,,,,,,,,,,,,
yellow hammer,Meat,Meat,"Bird, wild",,,,,,,,,,,,,,,,,,,,,,,,,,,,,,,,,29.5,84,0,,2092,,,,2685,4453,,,,,,,,,,,,,0,,,,7109,2491,,,,,,,,,,,,,,,,,,,,,,,,
young boar,Meat,Meat,"pork, wild",,,,,,,,,,,,,,,,,,,,,,,,,,,,,,,,,25.5,88,0,,13,,,20.25,18.37,74.25,,,,,,,,,,,,,0,,,,19,4,,,,,,0,,,,,,,,,3,,,,,,,,,